<?xml version="1.0"?>
<!--
/**
 * MageWorx
 *
 * NOTICE OF LICENSE
 *
 * This source file is subject to the MageWorx EULA that is bundled with
 * this package in the file LICENSE.txt.
 * It is also available through the world-wide-web at this URL:
 * http://www.mageworx.com/LICENSE-1.0.html
 *
 * If you did not receive a copy of the license and are unable to
 * obtain it through the world-wide-web, please send an email
 * to license@mageworx.com so we can send you a copy immediately.
 *
 * DISCLAIMER
 *
 * Do not edit or add to this file if you wish to upgrade the extension
 * to newer versions in the future. If you wish to customize the extension
 * for your needs please refer to http://www.mageworx.com/ for more information
 * or send an email to sales@mageworx.com
 *
 * @category   MageWorx
 * @package    MageWorx_SeoSuite
 * @copyright  Copyright (c) 2011 MageWorx (http://www.mageworx.com/)
 * @license    http://www.mageworx.com/LICENSE-1.0.html
 */

/**
 * SEO Suite extension
 *
 * @category   MageWorx
 * @package    MageWorx_SeoSuite
 * @author     MageWorx Dev Team <dev@mageworx.com>
 */
-->
<config>
    <modules>
        <MageWorx_SeoSuite>
            <active>true</active>
            <codePool>local</codePool>
            <extension_name>SEO Suite</extension_name>
        </MageWorx_SeoSuite>
    </modules>
</config>