<?xml version="1.0"?>
<!--
/**
 * RocketWeb
 *
 * NOTICE OF LICENSE
 *
 * This source file is subject to the Open Software License (OSL 3.0)
 * that is bundled with this package in the file LICENSE.txt.
 * It is also available through the world-wide-web at this URL:
 * http://opensource.org/licenses/osl-3.0.php
 *
 * @category   RocketWeb
 * @package    RocketWeb_GoogleBaseFeedGenerator
 * @copyright  Copyright (c) 2011 RocketWeb (http://rocketweb.com)
 * @license    http://opensource.org/licenses/osl-3.0.php  Open Software License (OSL 3.0)
 * @author     RocketWeb
 */
-->
<config>
    <modules>
        <RocketWeb_GoogleBaseFeedGenerator>
            <active>true</active>
            <codePool>community</codePool>
        </RocketWeb_GoogleBaseFeedGenerator>
    </modules>
</config>