<?xml version="1.0"?>
<!--
/**
 * Magento Enterprise Edition
 *
 * NOTICE OF LICENSE
 *
 * This source file is subject to the Magento Enterprise Edition End User License Agreement
 * that is bundled with this package in the file LICENSE_EE.txt.
 * It is also available through the world-wide-web at this URL:
 * http://www.magento.com/license/enterprise-edition
 * If you did not receive a copy of the license and are unable to
 * obtain it through the world-wide-web, please send an email
 * to license@magento.com so we can send you a copy immediately.
 *
 * DISCLAIMER
 *
 * Do not edit or add to this file if you wish to upgrade Magento to newer
 * versions in the future. If you wish to customize Magento for your
 * needs please refer to http://www.magento.com for more information.
 *
 * @category    OnTap
 * @package     OnTap_Merchandiser
 * @copyright Copyright (c) 2006-2015 X.commerce, Inc. (http://www.magento.com)
 * @license http://www.magento.com/license/enterprise-edition
 */
-->
<config>
    <sections>
        <catalog>
            <groups>
                <merchandiser translate="label" module="merchandiser">
                    <label>Visual Merchandising Options</label>
                    <show_in_default>1</show_in_default>
                    <sort_order>1000</sort_order>
                    <fields>
                        <attribute_codes translate="label comment">
                            <label>List attribute codes</label>
                            <frontend_type>text</frontend_type>
                            <sort_order>1</sort_order>
                            <show_in_default>1</show_in_default>
                            <comment>Allows product attributes to be displayed in the drag-and-drop window. Use commas ',' to separate multiple attribute codes.</comment>
                        </attribute_codes>
                        <column_count translate="label comment">
                            <label>Column count</label>
                            <comment><![CDATA[Default number of columns in the drag-and-drop window. Maximum value is 5.]]></comment>
                            <frontend_type>text</frontend_type>
                            <sort_order>2</sort_order>
                            <show_in_default>1</show_in_default>
                            <validate>validate-number</validate>
                        </column_count>
                        <show_creation_date translate="label comment">
                            <label>Show creation date </label>
                            <comment><![CDATA[Shows product creation dates in the drag-and-drop window.]]></comment>
                            <frontend_type>select</frontend_type>
                            <source_model>adminhtml/system_config_source_yesno</source_model>
                            <sort_order>3</sort_order>
                            <show_in_default>1</show_in_default>
                        </show_creation_date>
                        <show_extra_images translate="label comment">
                            <label>Show extra images </label>
                            <comment><![CDATA[This option shows additional gallery images for each product as thumbnails.]]></comment>
                            <frontend_type>select</frontend_type>
                            <source_model>adminhtml/system_config_source_yesno</source_model>
                            <sort_order>3</sort_order>
                            <show_in_default>1</show_in_default>
                            <validate>validate-number</validate>
                        </show_extra_images>
                        <max_images_thumbnail translate="label">
                            <label>Max extra images thumbnail </label>
                            <frontend_type>text</frontend_type>
                            <sort_order>4</sort_order>
                            <show_in_default>1</show_in_default>
                            <validate>validate-number</validate>
                            <depends>
                                <show_extra_images>1</show_extra_images>
                            </depends>
                        </max_images_thumbnail>
                        <hide_invisible translate="label comment">
                            <label>Hide not-visible products</label>
                            <frontend_type>select</frontend_type>
                            <source_model>adminhtml/system_config_source_yesno</source_model>
                            <sort_order>10</sort_order>
                            <show_in_default>1</show_in_default>
                            <comment><![CDATA[This hides products in the drag-and-drop window that have their visibility set to 'Not Visible Individually'.]]></comment>
                        </hide_invisible>
                        <hide_disabled translate="label comment">
                            <label>Hide disabled products</label>
                            <frontend_type>select</frontend_type>
                            <source_model>adminhtml/system_config_source_yesno</source_model>
                            <sort_order>11</sort_order>
                            <show_in_default>1</show_in_default>
                            <comment><![CDATA[This hides products in the drag-and-drop window that are disabled.]]></comment>
                        </hide_disabled>
                        <hide_product_position_field translate="label comment">
                            <label>Hide category position input fields</label>
                            <frontend_type>select</frontend_type>
                            <source_model>adminhtml/system_config_source_yesno</source_model>
                            <sort_order>12</sort_order>
                            <show_in_default>1</show_in_default>
                            <comment><![CDATA[This prevents manual updating of category positions in Manage Categories.]]></comment>
                        </hide_product_position_field>
                        <ajax_page_load translate="label comment">
                            <label>Ajax page load threshold </label>
                            <frontend_type>text</frontend_type>
                            <sort_order>5</sort_order>
                            <show_in_default>1</show_in_default>
                            <validate>validate-number</validate>
                            <comment>When a category contains more products than this number, then Ajax page loads are enabled. Leave field empty to disable Ajax page loads - however, this may cause large categories not to load properly in the drag-and-drop window.</comment>
                        </ajax_page_load>
                        <rebuild_on_productsave translate="label comment">
                            <label>Rebuild on product save</label>
                            <frontend_type>select</frontend_type>
                            <source_model>adminhtml/system_config_source_yesno</source_model>
                            <sort_order>20</sort_order>
                            <show_in_default>1</show_in_default>
                            <comment><![CDATA[If set to 'Yes' (recommended), then when a product is saved any changes to attributes that need to be considered for smart category rules are queued for processing by cron.]]></comment>
                        </rebuild_on_productsave>
                        <rebuild_on_categorysave translate="label comment">
                            <label>Rebuild on category save</label>
                            <frontend_type>select</frontend_type>
                            <source_model>adminhtml/system_config_source_yesno</source_model>
                            <sort_order>21</sort_order>
                            <show_in_default>1</show_in_default>
                            <comment><![CDATA[If set to 'Yes' (recommended), then when a category is saved any changes that need to be considered for smart category rules are queued for processing by cron.]]></comment>
                        </rebuild_on_categorysave>
                        <rebuild_on_cron translate="label comment">
                            <label>Rebuild On Cron</label>
                            <frontend_type>select</frontend_type>
                            <source_model>adminhtml/system_config_source_yesno</source_model>
                            <sort_order>22</sort_order>
                            <show_in_default>1</show_in_default>
                            <comment><![CDATA[Queued updates to categories will only be processed automatically if this is set to 'Yes' (recommended).]]></comment>
                        </rebuild_on_cron>
                        <cron_setup translate="label comment">
                            <label>Cron schedule</label>
                            <frontend_type>text</frontend_type>
                            <sort_order>23</sort_order>
                            <show_in_default>1</show_in_default>
                            <comment><![CDATA[This is the current schedule that category updates are processed.]]></comment>
                        </cron_setup>
                        <rebuild_button translate="label">
                            <label/>
                            <frontend_type>button</frontend_type>
                            <frontend_model>merchandiser/adminhtml_system_config_fieldset_rebuild</frontend_model>
                            <sort_order>24</sort_order>
                            <show_in_default>1</show_in_default>
                        </rebuild_button>
                        <new_products_handler translate="label comment">
                            <label>New product handling</label>
                            <frontend_type>select</frontend_type>
                            <source_model>merchandiser/adminhtml_config_source_newproductshandler</source_model>
                            <sort_order>25</sort_order>
                            <show_in_default>1</show_in_default>
                            <comment><![CDATA[When new products get included in a category for the first time by a smart category rule, this setting determines whether they are automatically added to the top or bottom of the category.]]></comment>
                        </new_products_handler>
                        <min_stock_threshold translate="label">
                            <label>Minimum stock threshold</label>
                            <frontend_type>text</frontend_type>
                            <sort_order>26</sort_order>
                            <show_in_default>1</show_in_default>
                        </min_stock_threshold>
                        <bestseller_sort_period translate="label comment">
                            <label>Best seller data period (months)</label>
                            <frontend_type>select</frontend_type>
                            <source_model>merchandiser/adminhtml_config_source_months</source_model>
                            <sort_order>27</sort_order>
                            <show_in_default>1</show_in_default>
                            <comment><![CDATA[Lookup period used when sorting by bestsellers]]></comment>
                        </bestseller_sort_period>
                        <color_attribute translate="label comment">
                            <label>Color attribute code to use</label>
                            <comment><![CDATA[This is the attribute that should be used to sort by color.]]></comment>
                            <frontend_type>text</frontend_type>
                            <sort_order>100</sort_order>
                            <show_in_default>1</show_in_default>
                        </color_attribute>
                        <color_order translate="label comment">
                            <label>Color order</label>
                            <comment><![CDATA[Each color being on a separate row.]]></comment>
                            <frontend_type>textarea</frontend_type>
                            <sort_order>101</sort_order>
                            <show_in_default>1</show_in_default>
                        </color_order>
                    </fields>
                </merchandiser>
            </groups>
        </catalog>
    </sections>
</config>
